lat,lon
-17.908283670733745,177.4430621008574
-16.736636234058384,179.3322204523575
-16.39753920718144,179.72776135769732
-16.732951593476486,179.14139189369007
-18.045026985219245,178.1471144051219
-16.763665865980574,179.37456694926084
-17.851380315423754,177.79726335982684
-18.02501332438798,178.03221849979258
-16.733552922593333,179.26764029976243
-18.22106918768696,177.99501598697742
-4.380197091599714,141.7432937570493
-6.990424974906848,144.88486260391136
-4.107340026019983,144.49558981492333
-6.813748035553397,141.90173864893066
-7.367685374003248,141.9210902868016
-5.670983976634596,144.08810092546474
-3.9946681649766695,144.26476906428644
-5.474122599615039,145.9080250278445
-3.4566200709201915,141.76508562440245
-4.634632910488358,143.61655924427376
-16.373077587971704,167.45315707126363
-15.528556961919575,166.94920446626332
-15.434082733502919,167.12936669695227
-15.596335458620098,166.98361324379223
-14.817221047744763,166.915005695963
-15.201476077704754,167.0392008528138
-16.485713120814374,167.77653332335888
-15.633841802945506,166.80505975676724
-14.949655063106198,167.0552649842271
-14.85910133809874,166.7060701308093
-20.788577739958967,164.51113942883737
-22.062624448913645,166.86812531135703
-20.7088227541891,164.77336986815172
-21.379639139679277,165.4630072041793
-21.898085901194044,166.29100486360986
-21.06530777132392,164.855760072115
-21.168425613623537,165.24363476776233
-20.88494231790154,165.39725316977305
-21.432312866163965,165.5684411394994
-21.210077008560614,165.58498782552698
-7.862947760669082,158.8867082462769
-8.45108136778865,160.85471824778188
-7.386059448815942,158.4308223853558
-7.7784039162732865,159.18943266391028
-7.8648880361487485,159.30823195397875
-9.659796831880023,161.44009459029772
-8.03576100665744,159.4506978627302
-9.00005008152457,161.13123792757625
-9.57488782745168,160.53827775870957
-7.739275680701953,158.62797010653836
-35.36488206736669,173.93115434414398
-40.450937560940005,176.56100337380607
-34.93492750152857,173.08855972856227
-44.0943161531694,171.6064359157741
-38.610490892224156,176.18934139040576
-46.21772438106983,168.10928128236282
-44.689170954756996,169.63087690194655
-39.429475630459066,175.4323779653449
-42.74674164057316,172.37809757620556
-43.2934615765732,172.56009946115915
-26.600409646804994,144.55044048416545
-15.907658897940731,145.1547403504866
-29.133996686578268,120.71842138533599
-26.014454221276978,141.70941043332815
-21.53541539805004,122.4141172033576
-34.21340756255837,150.67463635211976
-26.7874169470035,146.67319870408483
-21.91711940706306,146.15703755768
-20.53052953204541,125.83243274065686
-12.46656574950627,132.43115464150648
-11.244835252802407,36.59276396035387
-4.852645119584891,32.21976123724827
-10.896928386554132,34.849622279874225
-6.3410606368285425,30.36050709838173
-3.7785927231212506,32.1442018281921
-6.6125903912465285,34.0087966410668
-4.162107493988346,34.38089760519821
-4.61394195917863,29.593212511017317
-7.080959012464107,39.20599099785635
-3.0055606163403947,35.16418090862258
23.132557352573215,-13.540449309675134
22.284323822927444,-13.485206121562486
21.554392754970422,-14.716883649208189
22.140880940446984,-13.900356117213931
26.10066843704084,-9.560037145866204
26.588704483578702,-9.52508169326388
23.387168939254472,-12.606895051860189
26.99152869933195,-9.325628330824507
21.41220545555837,-15.097971040532693
26.26734343618304,-9.070046071293675
-2.739750334610772,26.363374847015304
-2.3314532545266218,24.992295783707558
-7.082620648359503,24.028455667035796
1.7673221313856597,22.815237654189517
-10.662917349507765,25.107189903610546
0.3742759399836366,18.129474252399902
-8.793362457937086,23.379582200284894
-4.289726812338438,22.72268002761639
-0.7326397829730009,18.831354638709062
0.7621526286924034,20.707299365001994
3.252341653570036,42.31760621338928
3.478885609802467,45.18667676254969
3.9877427717321963,44.76218276131803
8.865622253030281,50.25002492341315
3.788053801517803,45.89435892830475
9.246242729354282,49.193309711481184
0.3557611107200609,41.33586017683592
2.540217421089806,45.693504223177285
4.165075300342958,46.52948946977899
3.7739374782220967,46.80487400361893
-1.338913332794716,36.564040454637826
-1.4617578728197662,40.30172285807233
-3.126904159054598,38.66036357516731
-1.6594363983085416,35.6470314829655
-1.667576596434861,41.06636173278011
3.1624250064251127,37.5354528885321
5.358941453356334,35.74953881939285
-0.46946226068944696,35.16764774512076
-3.433333575541642,38.541384284776996
3.7369737743602416,36.54974202787519
14.946954815831738,27.3695507141499
18.769062417492286,36.94601190495037
20.50704951479837,34.629589388991334
21.94162637878003,29.56637152844661
18.419366907451334,26.22485418954072
12.189208059794426,22.723676159240284
21.163552226020947,33.17052472914401
20.26170935002088,34.83443027088547
11.575059006760913,24.51564719676664
18.677597397000916,36.17144681738471
21.996966681296456,17.875002099780378
15.173779336720663,19.635853902889583
17.529087695739385,20.692562737611222
11.215648566593345,17.36248040597897
15.796543801616243,20.98539240965497
11.636787212475408,22.204244647388307
14.130822561404827,20.49688333722583
17.819159599848376,21.723403994991074
14.789947115320608,17.933945256792768
20.748908169994365,18.220090032760087
-30.911508162833403,25.92321943978906
-32.120308826792176,22.767028038882074
-23.38523964445421,28.044129643375527
-27.96826361298966,23.34255003044842
-30.026863915214133,21.1344293023324
-31.13532695858377,28.133350897958465
-29.448170905449615,17.74324190861638
-30.69540435275206,29.353197433357188
-29.174950613921457,25.97614104611739
-27.24671023395016,24.625478495817784
-29.037812868509132,27.88882273034683
-30.064993414621433,27.74659082464748
-29.829535280394754,27.442051676875234
-29.30818561323998,28.543528608668034
-29.712289659388208,28.782051656864144
-29.154799750262907,28.18864399520295
-30.404740289201865,27.59538786932183
-29.03187407675016,28.36665701634546
-29.326130789605894,28.03654225659937
-28.98710850996255,28.337687768373744
-17.4342210801994,29.578264436740977
-16.82278200535323,31.434611067679935
-20.18178636789303,31.494107926637998
-18.70275406931333,28.789785001989458
-19.0440310203442,30.12457621969215
-19.987730986245698,31.131749159523434
-21.469280298615747,31.781819255483317
-21.18076516165077,30.078469102183526
-17.592186228097603,31.966471560650415
-21.515551019174996,30.58603319700718
-20.6213288967678,23.45513478327561
-23.66393191428716,22.731333749720644
-22.040256351750607,26.208628961400127
-21.3364740775681,26.97119043013974
-21.204578103665995,21.91560690474117
-23.816509325782285,25.408132335556736
-18.399605882417042,21.45217153325072
-20.858501392184756,23.909585595216864
-25.268479092087283,22.642518866995616
-21.10369284151602,23.148371345261367
-19.20085588766767,14.051388850646935
-20.610863919238593,18.03315459656555
-24.62222978554049,19.061144794703704
-27.77377266038227,16.353330523669758
-18.926461887912346,14.265733851892428
-21.33536234278521,14.557462046268045
-20.79497717050512,18.024128067073793
-26.122562710002427,16.714216944274213
-18.972567911346992,15.179543366408723
-26.69266302593818,16.81589811438951
14.30778336049936,-12.725519470608592
13.830713284217662,-15.982505963981266
14.51418083810406,-12.660913010901684
14.574936829549339,-16.380484052748713
14.463787031472567,-16.403693489551944
13.963314124728434,-13.28535146765313
12.834157446237148,-11.936196859171735
12.917886984240878,-16.74073323358156
14.537606602266017,-16.674823831489665
14.613275790927265,-17.076068601523897
17.33595737057116,-5.399951980111396
24.326263664461287,-4.804674020120282
18.004129701279215,1.8067969409894857
16.24776000192575,2.0911634470346563
18.41820415142202,-0.5541902990982841
20.50957612431939,-1.078842215170825
14.534245969358167,-2.3628764066014405
20.68786431705672,-5.113007946591935
20.695357197100407,-5.679536298522909
14.201848668946653,-11.310956338207408
20.930979957653093,-15.031327944997683
18.816584672306767,-16.146378214001423
19.25592065769965,-12.680543831207636
24.830743593946444,-11.674036703428932
16.767241882243077,-14.210664768652725
20.764198839980445,-15.343133996255222
22.403991044295505,-12.249622400308892
18.003664420563183,-15.855680587203258
18.933361114611923,-12.010506780978382
19.66412400075938,-8.10359771189226
9.391113986356178,2.6348374771219767
10.525859462575397,2.795882657726159
8.05314540894635,1.727768130575452
10.484386083541343,3.3541250095670434
9.426898821551701,2.120460390024677
11.710493580531633,3.4209106916227436
6.8781701043009,2.352502122486657
8.65426170501399,2.1449971834486368
10.906849687671958,2.5087380917637248
10.838566774605908,0.8612614759016693
14.820363247443037,9.741757211123405
16.123105839523266,11.70545485600957
14.672507397036549,11.267998135122479
15.400227485674336,9.451491914784755
16.93547465522908,10.361691038690246
17.165458564438268,8.612325678247041
17.112411972004537,6.951093620509883
18.632567030674522,5.668908268136058
13.444984727375362,10.813581697054241
16.872198140568777,13.780439174946594
7.222710428437518,3.483222427648699
11.237819455365916,12.32359759699861
6.980956762605459,6.6252209971848846
11.35897859022918,4.728688315246076
11.532092422283522,8.44829720571647
8.80398014372824,6.167239742174209
12.61010431635591,12.209015872875874
5.730964156954985,5.886072146806051
10.623455481990554,11.733758725452091
11.604699677393409,12.822193550325963
7.704150281445257,12.20053065817415
4.674566501031142,12.339087034974552
7.778410582765886,13.793249086399946
3.752950417821654,9.993984792228748
5.1751745796641,13.4171557400208
3.0604566497588954,11.911558013367769
4.618150845977526,12.761055846372319
3.7130770379409297,13.68660582124853
5.104674091576514,14.088221453111448
4.502189923270519,14.656393633463038
8.814686390857675,1.103123378852686
9.223955900752998,0.41171963288109364
7.541654266972868,0.5425267816022774
8.113014523177132,1.29511518129189
7.066143368520018,1.2996639356514328
8.229799961422827,0.77399318341537
6.580462263221865,0.7612501719679219
9.760961778395654,1.351684791281897
8.552560370356694,1.203621014972395
7.6140622996640595,0.8398240081762596
8.06599123727745,-0.8785043286760956
6.462836290533712,-2.827540497208105
8.400889427480536,-2.3942293000342474
7.139686844190271,-2.9216018495331224
8.761003223449514,-0.46343173368191604
8.251124211931543,-1.4307777809665327
7.267213727456305,-2.757648092780814
6.330918810782727,-1.513521665090258
5.216342190129579,-2.814327798957976
6.637842277110471,-2.747894165192098
6.837355383099828,-7.778046087239562
8.462814637246183,-6.992283069459544
8.688663622898272,-6.97038854519594
10.030577478694706,-7.783819531397578
5.937445983919364,-4.21089378562974
8.793105091301944,-7.444027147408254
5.429226496401064,-2.8342836438822268
5.909417000939126,-3.077255072198705
7.95417078080415,-3.0742185563844275
5.723745900387919,-6.941129551836973
10.271175749822762,-10.191635635491135
11.434341181051076,-12.577546244934503
9.399026068285671,-9.732831096274012
11.583915508924962,-11.768854562138879
10.165321881352728,-9.30943250097021
10.348121999186821,-8.994345146306948
10.721127331093749,-13.10287473297976
11.408431277435067,-13.224843225035015
11.505873536045574,-10.509756446549805
10.238364305398656,-12.264691734261055
11.295537409036243,-15.151171477542174
12.29931641460268,-14.414815777027705
12.006795765056202,-15.617182553393977
11.80260949865873,-13.864185833669957
11.70240853366544,-14.808594211631542
11.635252935811298,-15.57792271104495
12.398449543700892,-13.917804215500393
12.099426223062665,-15.259474060148776
12.331634526413998,-16.177942795529866
12.326487852944824,-15.998698511231225
5.015963927573373,-7.839377177149509
6.906699764784503,-8.947197353455795
7.388592441026036,-8.608877234032041
7.227522515057865,-10.604105503717852
6.859070881017999,-8.728888542843405
6.9697270567766125,-9.743840984328834
6.281756569077059,-10.479543168393281
7.487405932483794,-10.873266646176678
7.059259699738643,-10.165456156581055
7.640017363779987,-8.634443231740155
8.941376830591295,-12.90061818246802
9.252071112293798,-11.455390544302517
8.736280010559097,-11.386523633786922
8.79644519210457,-12.499106486004637
8.033619001198003,-11.005000709422502
7.7641637633880975,-11.047883450030174
7.820070938003055,-12.054140940337573
9.667602863158129,-10.943286703050303
8.482575045386668,-12.44964024705025
8.306607069688866,-10.487279609993905
11.817937660575758,-2.958419752256959
13.981470793696612,-0.3267651802118845
11.836117541822851,1.872740775012482
11.50865976490648,1.173767471040592
13.285955835097997,-1.2467717640635039
12.704069470429113,1.1940210433170346
12.772784453335683,-1.4530636824277092
11.977388295049657,0.6789200178023256
12.54914397533529,-2.8783779946606307
10.203494176486817,-3.7854640790786727
5.01856996272347,14.917147986027969
6.412604102054272,20.73756869188889
5.627833351539348,14.81772680007226
5.0037522935778025,15.611777048942828
5.259423866821663,17.164494520423556
6.5107956165289576,20.786469167433697
5.469559025714326,20.70308107392771
5.4348094960287945,26.613547104116577
3.68512608852989,16.702661614226745
9.142913849303456,23.20259747156775
-2.7421607313183456,15.388768950578395
0.4814252311973277,14.882785671880978
-3.6014636279832466,15.796021918976626
0.6372717094721763,16.281886541322603
-2.512969278198992,15.462640701698643
0.4582533320947322,16.940663632621145
-4.372206954666069,11.741237597962815
-3.841435248843907,14.652254978775154
0.7672388443223506,15.94952806661232
2.3414466546315387,17.806928765657272
1.3954864501634532,13.195508850574615
0.30655785300716065,10.249202745203306
-1.7876053391346254,12.64971894810278
-2.266954560456933,13.924355775305106
2.120629538061734,11.649505291735823
0.4793930087416518,10.746689188184709
-1.2878995455328912,9.636234031034205
1.0426650739969654,10.314324953671258
-0.09371213183179083,9.40691536904527
-2.8947221505559737,10.168151591703507
1.7554387920145405,10.20917024236246
1.4495739879152971,11.05392547572361
1.3659524277600608,10.254411974680846
1.2513650000486596,9.633301752936058
1.773617490526588,9.637499550724698
1.098669241094798,11.154148136929473
1.1670882681135741,10.773165799388323
1.5817342721326835,9.713816028826196
1.4198569202528741,10.985900130652851
1.6215239995002375,10.782133002020533
-12.61304415525511,32.61377460444446
-15.830193418173332,22.668067435165337
-10.46565949938723,32.06454159812073
-12.20294661945439,26.788794408957937
-10.98762862422905,31.704327268320988
-11.373844742400518,29.55396988626236
-10.391901208195426,33.086063206460715
-10.963189240701823,29.150328950452366
-15.61948339347859,26.542609811039927
-12.471764870603314,26.941648082151023
-15.520645742842847,35.33981423589479
-13.959712226269922,34.199561089287805
-15.22838894316309,34.97809846091665
-15.804762517929074,35.40672284654608
-10.463967554545881,34.03959406407893
-14.78043147836605,35.19468983409799
-11.090962648729239,33.807459341336134
-14.577506818873966,35.33513691679971
-10.335491498606759,33.757390387378564
-11.395819996296918,33.29173412248235
-17.479433985698037,35.853185075688245
-22.17542078293321,32.25495443352986
-12.040809046780133,36.825450698711464
-11.776687769632813,38.78593058359662
-23.532929901023675,32.51336233621875
-16.309346587665377,39.1292157362987
-18.700154979183235,33.346915912640306
-14.610260384271129,40.33739109772783
-11.902176083279864,38.413489901522475
-11.106460396208067,39.70712097438562
-26.025249800809338,31.322421035658273
-26.365946659324138,30.95892055403441
-26.5991743398544,31.16736472075847
-27.002153856491923,31.674393465128258
-26.19967554786729,31.368346754166524
-27.01742983808285,31.475823388845313
-26.633743361752476,31.19470435286791
-26.61803665629013,30.79390690828202
-26.735327459916,31.634232702128063
-26.431201371495277,31.005291063759092
-17.135524270012127,21.166528324693104
-14.793667253834752,17.26388329363816
-14.180189255922693,13.312154588639308
-15.257217985013801,19.102360815529735
-9.96309383767313,18.332103394319976
-16.736411489674218,17.69663484680948
-16.04498979242102,20.626744828317403
-12.71203413602504,21.99677521647822
-9.82493201640863,14.314602094608087
-9.732518111783286,16.965495829129317
-3.3453752866413926,30.518791069243772
-4.10751370565843,29.641658208018832
-3.2159645689658642,30.21577154371542
-3.398479465187221,29.385175504296754
-2.7368942133312215,30.077063627872658
-3.360921138590621,29.654423324531685
-2.7331213086292605,29.90659246282623
-2.507081279472402,29.860488576933673
-2.937618636207969,30.500919922301158
-3.252386750312332,29.534740845993547
-22.04312318502078,47.185849082230284
-14.32438715874504,49.08353791696234
-18.42816046279973,44.37050982035343
-20.084820854718657,45.50023322922532
-22.55528962582959,46.475686852507394
-20.08231741909572,46.2778273818458
-24.603934238017196,45.11075365256196
-19.943650526217258,44.75223468583164
-20.727793156021942,46.76014565646079
-16.67694298384813,47.98393952122835
13.525589108712454,-14.429934624593702
13.537187294815162,-15.3508613847532
13.258510305127606,-16.334054151109505
13.251370507675736,-15.947957946721637
13.322914172353569,-15.866066476254263
13.673737674386363,-14.197245546032978
13.199576832400869,-16.53663421714685
13.552263724684234,-16.164298789503064
13.305675192960331,-14.71326357281105
13.815991016525219,-15.14530519957501
33.61448490864053,7.789137801786399
32.721967097599055,9.212742077637063
35.997890275278735,10.580826637034248
33.803486830807685,9.671047039433471
35.605689787727684,9.495948400701534
36.424041313448924,9.835687843349994
36.382938258871825,8.663296816349392
36.55961452010489,8.89816697906846
32.23811091581918,10.954459996430153
35.561312394289104,9.038873563884167
29.96795103151564,7.131941914772582
33.44033826857508,-0.38707867130911033
27.902239420365824,-1.5481702357387404
20.66037789963265,6.210500582313998
30.923916705276596,3.1373133238554374
24.652537990944456,-3.3131628410394853
22.118359656702733,4.960715959148525
31.194192791633192,1.0323641224388265
26.968040634200655,0.47869140643698493
23.565992323215045,11.788398981017622
14.886446735957676,38.43193873830492
14.340583709172842,37.08953211449222
16.668564835441504,37.27586134162411
16.65534086945247,38.32484099030407
14.593126823851215,37.17252337885175
16.385654939635373,37.54097663478708
15.027082858863288,37.236689116901275
14.6969567727459,40.72152115889173
14.711873875681901,40.137032832632855
15.812472392224127,36.64585844841305
29.292009003245532,-10.112867244891241
26.627863347195504,-11.777119372300525
27.93377650226908,-12.177100074584331
26.004508296569618,-12.800878702939858
34.03425860976437,-4.663482029532149
33.97110968577733,-6.724073377201197
27.64178182397097,-11.78967481456342
34.34945780512939,-4.195780850826223
33.18686741693452,-4.550892210922298
29.7177440684113,-8.14957430365546
26.315591806160263,27.04808409690464
24.360266737493784,30.579050246129327
31.25853906779972,26.367767457268293
26.232994909811403,25.023334790781647
30.916530538229637,25.306707765302296
28.642292061997022,28.527430546274985
30.73453300052096,25.594164369378248
24.619179571144645,27.082896219582075
28.654453303172424,26.626163780172334
26.15913105049139,33.61646545001844
21.137654730977385,20.690312206606407
24.669113750862167,21.226002351185535
31.56469649907833,20.71846115171751
23.48848704209816,13.782529921356446
21.60731051387324,22.675534498421808
30.503001881398212,17.380745759013955
27.470627350432906,12.64228463074982
28.158609965121173,15.796633993652382
24.394670929446338,21.626792531691343
27.55497707311847,17.931974198724852
8.79919815656421,38.09628238347116
6.376658932010745,44.94803207963955
4.6684293829983154,38.75949858461138
12.271468337231948,38.9171468847545
6.000258556033133,38.276562545753336
9.941901470076377,38.93493106501185
7.626751494346633,38.2229115727853
6.9090879530362335,42.27397433989255
10.398360825517615,42.50398267886971
10.152975600600314,34.78712997195339
11.83354486456262,42.39549982083882
12.149913304545155,42.162015769083744
12.07477062086099,42.335938774488405
12.057646044804573,42.52151857600969
11.469001460492274,42.48188092416995
12.443293905054944,43.1820107343331
12.171304913082023,43.04394132341141
11.264941144194651,42.299732940333534
12.497365508889366,43.10590941046034
12.440425979180286,42.6100416525717
66.54406245743237,14.213047964784113
70.19725575101157,23.38751216624732
69.79500138569524,30.22338244228077
78.31304657319882,17.053077126070566
63.588765461395056,11.045968998950997
64.6928264173621,12.124585345100606
77.62113445355511,22.880321002210508
76.98198319045592,15.981699939421006
67.90164782030433,16.118834544275135
62.67635356555025,7.31698623804847
0.37472040148071994,30.32815476841084
0.9912710241424105,34.270804142050224
0.563363676639133,30.90468638199179
-0.9918377689212264,29.66472053548817
0.6682987446637343,34.089438354244066
1.5456799402502481,30.617132398465163
2.2055146246782713,33.86566375678252
0.6628519573173444,30.968860290623
2.6569060599601055,33.79080491368916
1.5386619832493489,34.64939984799374
-1.4812994265671369,29.728418298835972
-1.8314598668172908,30.034446337280887
-2.036275745456653,30.322696282191902
-2.3515278617284845,30.232780887373643
-2.4016286162113007,29.65880340428479
-1.7594067146914367,29.87035071876691
-1.8495373882214818,30.045838479586283
-2.3514207095896507,30.200867603199065
-2.2992825739723055,29.646830781840162
-1.8595358352080567,29.894449281631893
7.458014416702367,27.608657410428457
10.441003384087622,32.8768274835457
5.015202742784025,28.1178835232576
5.836578407341596,32.731766181223456
9.693905347126915,30.018157629684865
7.442897993134694,26.402937581767837
6.150148044125841,31.62991364464436
6.997002339546993,31.146898222510817
6.055103548254552,33.411660942052656
10.018085332568308,29.607618453650545
69.8842697414022,-113.13225547478675
82.64369068658002,-68.66591414631803
50.98897406395729,-114.57498573425978
78.93394572590694,-82.38380530618679
58.49997755451921,-123.77477604696998
69.30750429907584,-139.0060560778548
82.29803962902076,-86.16480407706212
54.03738044953161,-78.30421148760253
71.40898440535022,-79.39496487672166
78.48051239815838,-90.71026305165725
44.423024248382475,-104.5304451766914
34.953338899188495,-95.11072469721016
60.07665691105935,-162.4767321417001
67.18650166192116,-152.8478734199319
34.735705026000055,-81.19620991956296
37.0145915669553,-99.96848845105879
41.496132593781326,-98.0704696376898
34.68876704839316,-97.7053689480301
42.815121465389964,-112.77597936186137
39.604742495491124,-105.2423614753029
19.206471130374414,-72.5927676885329
18.45745695613521,-73.78564984960376
18.279208569635742,-73.36889144840427
18.38394529125056,-72.58771390908554
18.907770678647214,-72.52934201667942
19.701843311122587,-71.77682496710052
19.230688074621536,-71.67039144184619
18.389809369747038,-72.54477119505404
18.77782998789491,-71.91890434215975
18.399453637520747,-72.50649746004729
18.245979404353733,-70.19531376687007
19.215088147826357,-69.81657976850545
18.98625546886711,-71.32464783970504
19.417483427997865,-69.96929724712793
18.419450520944544,-70.95285169320414
19.205006357705933,-70.2593104023006
18.39624802613297,-69.61500381248536
18.73860234457711,-68.95084231063491
19.466399479533063,-70.46611482827689
18.36285192893147,-70.26256457448856
24.439057363821046,-78.04778284631018
25.076181806844357,-78.0072390604286
24.384027801719537,-78.01653442410435
24.630804605529132,-77.9812820155017
26.16631490569067,-77.29701482249
24.938033997215616,-78.22249458467866
24.56924403684032,-78.11859586905281
26.748255572912754,-77.89795268249259
24.286947725805526,-77.93507220419318
24.09283972646214,-77.64922363114033
61.89158070695785,-47.53793395605241
78.82320584643763,-43.568854685491374
76.63231205663124,-35.89809668113211
78.3787669107191,-72.4693641713488
66.59048320302539,-40.08259393238364
70.16666635987617,-46.834653610726804
76.5592412761481,-30.541368741846817
74.27649875948886,-55.271726481912985
82.67288276286705,-43.21549678324213
72.3486955750844,-45.66857901131843
31.386375905411978,-113.29829409602233
23.97966262981842,-100.67368705101076
22.749739107533607,-105.10659879950173
18.175229115419505,-100.3548781328453
31.866354947251065,-116.13484909945399
26.135362954770205,-100.33520521235118
16.650892626383477,-94.36045013752758
16.829074111714082,-99.92746665121805
21.291844568297083,-99.55802997640747
19.70658784621739,-103.02622599712922
8.53272211039933,-79.98929927961603
7.857522305645954,-81.51437905070811
9.127366334525123,-78.2383522182351
8.684316582455482,-78.08272236072783
7.6838335197685215,-80.70439335600415
8.736727889441687,-81.82439450625183
8.935966113196065,-82.61785875208969
7.8421532823441105,-80.8555544637558
8.086308660246655,-81.40712652248098
8.12465405380477,-80.72536052250499
9.983134606247651,-85.02873663462329
9.623987880649125,-84.10436468391315
10.894015014732082,-84.77758308232839
10.996588878784658,-84.58210946017822
9.704935365359047,-83.40379604362538
10.38355899806777,-83.85852013265259
9.966097807606433,-83.89882056670389
10.358180535875741,-84.32685439694495
9.444322320580183,-83.36284568046102
10.245564400594219,-84.65927974767952
12.220882351375046,-85.27716390646547
13.316775930262974,-86.58015976153136
13.859347137149095,-86.08880599229327
12.504387361545628,-83.61146537313438
11.831295252442574,-84.53789814159873
12.534720613473697,-85.59145593415296
10.930947526224429,-83.72590717085092
12.225007491108208,-84.02890972336957
13.514027240804065,-85.9369398037896
11.403476775027517,-84.86451809343318
14.487215768578343,-87.92943680365042
14.838125696254323,-86.27778549330188
15.225769419083717,-84.15354212973779
14.236815576448738,-85.870970916122
15.960331530189498,-85.8171106381133
14.228918266394286,-86.49592027777005
15.195932984956189,-86.09782347494706
14.364984096665827,-87.47776640921272
15.833388583073944,-87.61109807356704
14.517189841536217,-87.25782411532124
14.354571549652709,-89.37695936643564
13.746436389597298,-87.88673755537533
13.522982018826882,-88.22554075716444
13.795265520412563,-88.20053589205774
14.262893189301955,-89.42080223912669
13.384874184093643,-88.66145046847285
13.795655547971048,-88.61002491333548
13.770207827771836,-88.22053511346641
13.536406122352439,-88.497968880292
13.340585111901158,-88.49502673349531
15.04230156358998,-89.40991887229278
15.086358173233785,-90.27060408127699
15.269371766334388,-91.00207120536355
14.658099618902966,-92.09238420491249
16.636393657661706,-89.9370844503722
17.441784111397777,-90.72042538974935
16.5184712605797,-89.19523124267528
16.06343675214216,-89.80387355283341
16.8278840286016,-89.88697270408417
14.271868320234688,-91.1576424672713
17.03891672383024,-88.62484014839802
18.332589440314663,-88.2837855768024
17.857313978613437,-88.22879230039892
16.982479404339006,-88.32606446250023
16.66876009356361,-88.35151777275715
17.425599179283992,-88.56330858808894
17.936501779393865,-88.76826841389592
17.12009399949774,-88.94482912504621
18.481059515490937,-88.41721091519574
16.55132831768146,-88.95874491462197
18.356610681176143,-66.02145754621176
18.08544455813314,-65.97096592842016
18.227569174056516,-66.18362772715717
18.270667257191725,-66.62160491731524
18.230649291205648,-65.91574237848049
18.19883225425095,-66.54431763138035
18.410942224548403,-66.2273851939236
18.195440875242102,-66.6118123189056
18.35158027149115,-66.2451194803754
18.234017742672105,-67.09720739428033
18.33393107216416,-77.35079287188582
18.15419496790698,-76.63112988961593
17.83813530636667,-76.99366572914903
18.206849243924204,-77.25432042561017
18.26148118175245,-78.0024599705253
18.296742259604393,-78.29739204723366
18.275586730697146,-78.1676862388484
18.16466695063494,-76.79280150346669
18.453153544923875,-77.77136612595771
18.315978146008796,-77.82204275663919
22.21855869424082,-79.73727454877279
22.850781211601383,-81.01780981866851
20.720948774288075,-77.65736808292546
21.55896791160243,-78.16609579532498
22.699983198841153,-82.8065610722182
23.02241847840825,-82.50342927823822
23.053198611539344,-80.83375182206305
21.5715084082791,-77.52044291408946
21.53525378355282,-77.28240219391616
20.76509018572473,-77.56678732860819
10.819578058701978,-61.06717410145461
10.129096140090423,-61.19586224387036
10.238752888706657,-61.55997603139049
10.092836107331266,-61.36605463644537
10.595209970996287,-60.98526890482427
10.160645078378295,-61.49041466758224
10.088945953665167,-61.783295416512864
10.193326324367597,-61.126575443768594
10.32114532020247,-61.010905034687056
10.352963039687697,-61.066490675764406
48.036044397591255,84.08547989888748
45.027061298220715,61.254181510050195
52.328109916736224,76.76717095215002
51.41879910004796,52.25155627670959
46.60940792919212,62.65750815761195
51.69809953306842,70.48772959601816
42.622140052932224,73.42026233941439
49.789785659520646,76.51313261544769
44.315211649374504,69.62226907582443
45.295337913372364,72.03023620177287
44.52999989558703,56.14908136958735
43.9853595504328,58.22001025188656
44.03033696522516,58.871477236760775
41.53038033781166,65.67578320554522
40.27263369623352,65.05394606153244
43.562519339665734,64.47337405031875
43.98011121743711,56.27640347888377
40.50812321742098,71.41629451785936
43.716329414968236,55.95336094691298
38.431590512974346,65.77151680266644
-2.931656599667562,104.62049804398673
-0.9370814814709192,116.01205565466132
0.5664693525109605,111.43857825358732
-7.129753235259001,107.1739517582844
-1.3824568160585056,121.7235446030001
4.775201390627691,96.13635114511837
-0.3864502619269281,111.51177394608145
-7.564042970098802,108.88253698482382
2.434244145632185,116.10953297878997
-5.015874702315082,138.79614680036408
-9.030266875849886,125.53717402438568
-8.893433137242589,125.29152686790965
-8.785397832400493,125.72536166322692
-8.550874024053964,125.62772630146779
-9.164636035160958,125.08217586243408
-9.07713955353944,125.98203745326975
-8.416059725299991,127.23578331744972
-8.39928913295775,126.83709229028227
-8.778125172342452,126.06281213417721
-9.015857731869074,126.07998478379835
31.755818952071248,34.65010412957494
30.989211429733896,35.10732095018886
32.09895413621039,35.00619238695807
32.039303555563954,34.8477364143722
30.211578040090235,35.06469952525583
33.07545422544894,35.20864893920549
32.60919326381549,35.15685338563546
31.10389032821547,34.61484698265074
32.33211348718169,34.9521133848552
31.812471951928703,34.98541398246897
33.839530740524104,35.678854153957836
34.228310831612575,36.491088364934804
33.85106640952619,35.60870327404712
34.58374431557027,36.33059128869404
33.631760389871275,35.39112998335132
33.93465261148369,35.78652771883479
34.26446511947667,35.738229055362915
33.356770981223235,35.32347535431515
34.18678510013257,35.690491302894564
34.15985106099306,36.48318571603303
32.368472166232614,35.38582415179784
31.915381008089927,35.01338404349691
31.70616788967161,35.41679601379017
31.462444800194657,35.154973819857496
31.72124521173447,35.40188243005304
31.85325088618579,35.38909524183431
31.621726518042543,35.44111495414593
31.91370733646893,35.1111756016989
31.950018141170904,35.339851322433425
32.354592852762295,35.382675828148464
33.30185893533317,38.73144100743778
30.19605978369068,36.39776372216649
31.072045281437077,36.002730455657776
31.575623364319835,36.59810184240786
32.23753924090982,37.677819517024965
32.88170781196702,38.13958987518138
30.38987636837916,35.77168148546773
30.273950706678686,36.58680816133913
29.635651013762892,34.984979849146846
32.539069934405006,38.05329690145512
23.992774177451903,53.45031164717965
23.90173650352029,52.66179508061947
23.86483822886621,54.47210036111502
23.49981127891636,52.032439063960965
23.423227388629993,53.312402547502295
23.46437966792782,53.26072912165858
22.728273282870408,55.007290535710496
23.3733717227754,53.3246053133544
23.004657749487777,53.78205441910189
23.6186106185476,52.746757407283845
24.74055716073148,50.88376533938271
25.70436224489729,50.92483244219336
24.97971414909811,51.40240312042668
25.422896466501577,51.01827410651489
25.507937145024684,51.12671354454104
25.369944932504183,51.16537658352315
25.33752762628173,50.79864212060715
25.14324874715552,50.86443511033221
25.70788515680081,50.92480386741798
24.799235749406837,51.00853966827161
28.843843468143106,47.56375552822737
28.859351018331907,47.98577866218949
29.486825786692158,47.014365781971556
29.244822189000015,47.56111669421937
28.647002384824432,48.08071164685523
29.595646450218137,47.08308666212741
29.386784576425537,47.99243315374156
29.08263792547414,46.87199948626791
28.56649055371816,48.35436124248224
29.170646986835813,46.85287992500392
31.18565536995659,43.83407373972983
31.11629843943985,45.7202347604587
34.64714223043315,42.2500086680665
34.36943810571546,43.96324532002679
37.09076512533329,43.74438459345515
36.1100886412298,44.35838045683552
35.25785859149141,44.40750867980836
37.302566069928446,43.191042240344174
29.892208845868442,45.86039236551497
29.944747326472307,46.30113456547387
18.317210235687998,53.774602836301206
21.56898287787326,56.94724778044745
20.60071552189665,57.351315406518154
20.789263747885915,58.20428019908874
20.875820594658126,55.82680975716206
21.939701682258526,58.737730948490594
24.313448599273585,56.30301737162947
19.77079795459668,55.530531701013395
23.347284761741953,57.36402399657452
22.474777130395566,58.555282928321084
13.870369000814891,107.30883999765376
13.006383100003456,106.72030296633267
11.874214558261839,103.79476486420897
12.00393027226334,105.29596408364053
11.146767306618091,104.88978066108099
10.828459087068083,103.85192620906523
11.492385506358204,105.36289627675188
13.861321629833412,106.03026876926216
12.69534765388139,106.07111763366962
12.92919404678038,106.96705505085552
19.085641929675297,99.75210766190145
14.12697576652569,99.22892172566128
18.688752001735565,99.51168197775367
13.082894752196115,99.28427787236879
19.277461026985883,100.13471039793014
14.436737767993382,104.3589528119199
17.140190054569906,99.37383878531531
15.674888360684744,102.15649260327604
16.898967790943786,104.09005477503797
17.392007048050193,104.45308479587247
15.915279182829638,106.25636017697688
18.53029402413292,101.27951259330659
14.670389882700999,107.3185073643152
19.039704104711774,101.22386043250405
15.659948464058843,106.7219037430562
16.359589766331496,106.1835993533368
18.91750233848593,102.03709777220682
18.92596337887809,103.14038032774721
18.95510579359248,102.13801677153876
16.081703904677507,106.69911899357204
18.10346787401445,94.37270816893336
21.945738755967,93.4094931586815
25.90156871306645,95.5452615890483
23.078909413936906,95.0854081360877
22.146832759870613,97.47383630742117
21.91523069998265,93.58480275553454
19.378589775097197,95.26779481865633
21.39531194578424,92.47016134229447
24.476900516417036,95.14710414537126
25.494844125406637,98.12637198214838
13.852666127744051,107.7660226398374
19.930838470063648,105.7917237364301
12.958483969290018,108.1362802257992
19.81478417881452,105.3500441554878
10.293470507299286,106.86160424854289
21.299758360627255,106.16655143655225
17.720390893903726,106.21441994811603
9.424161637973208,105.97114757481773
18.08628568388125,105.91918359170259
14.908439836225897,107.70243078950104
40.07202850342565,125.51127008876063
39.91496971440388,124.86044870892009
38.08425389808387,124.94792014125994
41.509268015668354,128.2559073514193
40.393248247749746,125.28241031308924
38.41150964905194,125.54996569372402
39.68040307658749,124.85395969842382
40.22953633946989,127.53759341694183
37.91965331597922,125.48732807463463
41.23120275119166,128.3551563108691
35.01417581525314,127.3061019194927
36.20147260433623,127.44662904456153
38.3218002120119,128.43398074368577
37.69292871316187,128.10791944574672
35.73874816405219,126.87134635558871
36.02970937950492,127.28276822964408
35.50924706173662,128.5327949976403
34.89204297011083,128.07647235312785
35.66842164517527,127.24490701276379
34.79183734253884,126.56031664146836
44.263837350961225,100.14636830289479
46.97808907886327,111.10681577151298
49.47845199296251,106.63376282259598
49.06307795652307,98.15550676372543
48.14867010837697,105.22884478893236
47.33894600064468,115.31867453157457
48.250096986114144,113.38751768757619
44.44642412115008,109.51196395020446
44.059998069011954,100.50348122511036
42.736995691576425,107.79106149297013
25.39491444791911,88.7150859533272
25.93435076076216,86.05573698636317
28.638608705705618,95.33519499778075
25.6684998157624,73.97675724865059
22.335319908731783,84.83331838607207
25.656838508940865,71.67069930369036
14.84746422455824,76.74083118755841
24.076323420260493,86.29087150075438
29.06715920665397,95.53396235764396
22.238496713587068,77.13833858204532
21.5196891523201,92.1914526080896
26.12179777072779,88.86100855635077
24.128134132642817,89.61089426577824
25.677786557499935,89.8592968136417
23.090325127968086,91.94898434764214
23.370678790117648,90.19657404921111
23.113582280582886,89.50495955594062
24.18532095974996,89.55645643194441
25.186072820849002,90.34309245756862
23.18745237199539,90.96262946898383
27.344503219311527,89.96038976552124
27.863082492742517,89.6126551675499
27.906625915700303,89.924001435004
26.91523870992693,90.1666894239051
27.94356012657463,90.4009505462284
27.47067570493662,90.79418507313333
26.946498825930817,91.91537921186745
27.28632455059178,88.83473086154841
27.087134206933786,90.04966340963009
27.778361861322512,90.25027899864152
28.028912402846913,81.83233336721068
28.096991066894727,85.84484888215147
28.28272793777647,83.36169018846513
26.816199505582215,86.23391090403898
29.849151919317997,81.40226762700624
27.34852146541089,85.20618529418697
26.696198648294978,86.9723851858643
28.032318026458128,83.6596179854973
28.07252738881485,85.19993382069887
27.76512120659885,82.67384418794994
35.08254487030797,76.49073593955231
33.8718977027693,73.66726725233117
30.26152442098308,69.86690908606175
23.928978392141516,68.37092337259493
25.524993181105955,69.83252983362055
36.48379441332508,72.83223212577258
33.0865875663872,70.00170905399575
25.821802131743627,66.76587148620328
29.805460625668843,67.70615352256743
33.5247823269069,71.28317292629659
34.780212801476424,65.96711455729954
35.87325524137781,66.40745846559108
30.344150526405272,65.92156819607281
30.36005721531853,62.69207931702801
32.63768757541088,60.71354573408858
35.78840115162156,63.380190624812954
31.67955937055025,63.8082171532141
30.596253824123256,65.32394797787194
35.22331900039697,70.70151858651309
35.898491018016166,70.16110388116294
38.926696331307866,70.50600079036494
37.15649730969811,68.30655034876244
38.41727780015992,73.58656714054523
39.33465251861755,72.66485111250262
40.05531251667382,69.09624009714146
40.56590930992132,70.16399251139298
37.92429699799512,69.54699290589316
37.887659499701556,68.68480287377612
37.656344997292706,69.12778149240087
37.60103478641905,68.74231369930223
40.378133116225065,74.33594924520982
41.38470056677961,73.58664903152152
39.96378202985739,72.62059650185621
41.6815754107974,75.9975167471427
41.50618239358843,76.44634525501445
40.91266518024417,75.1233284509425
41.41360443860644,76.16460101522757
39.78999434954898,70.99633797428584
42.72803968068136,71.44589614936932
42.12620475032292,77.96728704052462
38.86998282737233,63.85823936618958
39.466269772066966,56.334689039615235
40.74099050155462,56.35174490609384
37.22925543925805,61.96736339942832
40.11168942164536,58.55934272889107
38.27126540337092,55.572174835059045
39.107280467472606,54.535508104479405
42.216126635568514,53.92555562316559
40.16314071820949,53.21155369585899
41.300546757252356,56.53312704562574
35.681380898730445,60.57189531889687
35.15684030181646,54.056617171845595
26.96288379376702,61.457084324439194
36.94285939993064,48.07372813373943
37.49300671663669,47.599530944870835
29.162407818604184,60.70780593333423
33.577599722392065,56.73171037939867
36.83409287472368,45.934088741145615
35.49558230756351,46.131152282109696
28.19981723566116,56.30779569247554
34.95316087161961,37.04054360655005
35.20115153707226,41.162607122708685
34.73890170687332,38.977445219943625
33.95167159622889,38.32184499676652
35.525616719387216,37.04986332216813
32.91003647373289,37.325426480973476
34.14842669852388,37.32059806139148
33.267272395537496,37.18359195471525
35.10637593858906,36.54162509596474
34.53348851331286,40.24611876985027
39.99323656317788,45.05034392626843
40.18508312047764,43.99874280805933
40.1993324369857,44.51802747270647
40.0359997426927,44.94202523239897
40.63697768291956,44.00261117112142
40.757725680789925,43.92480926215669
39.408343013945284,46.350085391888875
38.93461480549062,46.28563481656416
40.76898704280931,45.303901660119585
39.949946912810404,45.63386296953219
38.69884031650292,28.534136218169785
39.87084066333755,36.146622977136886
39.38496440669651,38.34293349016946
39.63938732690304,41.19734001831938
39.231417969192485,33.969038656130564
38.55513704979086,33.43234776824265
37.89970207908279,44.18969715876941
37.26545362700313,31.96069044847512
37.28944834575181,33.408724231614144
39.33890762836552,27.2742603678713
7.42360520607582,80.88108498737255
7.832181941913198,80.83456123233852
7.187343398250024,81.33968002116109
8.563720067893666,80.90959426781846
6.937014804611052,80.86647951880552
8.525830099605791,79.85982117980235
6.401028662954885,80.98350789099632
7.184046978582277,80.0573753961203
8.213771219365825,81.42553282751614
6.764754907518994,80.98263349708309
43.03903166597746,81.43167523210754
29.970323474222923,94.22379677106682
40.46346083484332,78.30768384076293
36.82913053414595,111.98473291208933
40.494954999411604,98.21388360451331
31.88920468980082,90.25883323363087
39.31956683159551,93.85422981645742
34.94478173844412,83.99407903822355
44.227775377497565,116.12631644706101
36.54708601807136,116.28141924650782
24.024289880916378,121.09698028748942
22.882720714333963,121.02743529413975
24.632669768536406,121.14802820142378
23.81871428964923,120.56155477295356
22.635699971386376,120.94967007481297
23.217445028890687,120.76529296108971
22.59457668384697,120.7857728552668
23.44396181725552,120.8380261099769
23.11012455526396,120.22728740754667
23.455727578460994,120.35384914240223
39.776750341961446,48.91840783433926
40.51001288803155,47.22845179472439
40.23415112969541,47.13938923422523
41.33020256148358,48.80385994200821
40.27681745345738,46.02856444114933
41.156731779551656,45.72487112260905
40.17938308122284,46.01902375888116
40.05774556416877,48.61060027785681
41.06524140513001,47.94006108856465
40.81685050455994,48.09544245077386
42.60867470967343,42.55089964811987
42.40461227505672,43.84031470718342
41.954302125711436,45.836139911175245
41.28421852755071,46.09295530512403
41.671224188958234,46.109651096022006
43.03329316275491,42.33802930422779
42.99049389752824,42.518012548816365
42.68570032128163,42.56279664156141
41.26148682893609,44.96490013448931
41.86829823667214,46.03980373964128
16.135748249596144,120.0845809084833
8.618119094933325,125.98116427044516
7.537097398731846,124.42197253020241
16.75221984328987,121.31906618234969
10.329860886739567,123.14777352230168
17.197772088930776,122.43106556121872
10.262885192672528,118.91301579904297
14.567740927946085,121.14960809569394
16.756720675058176,120.6652919110636
7.292488273190479,125.30983722258038
5.035624038456211,102.20251387151743
3.3916676508793624,101.18344936783393
1.6748174987578774,112.60281860909026
5.5748145187582026,117.02040594534566
3.383966364213745,101.48385994745968
5.5451838025235,117.69851744418983
4.445419879654586,114.16700802582842
3.9912371276355163,102.8804535881868
3.0065745113860953,114.60229097344772
5.075460788247293,102.12994625545993
5.098361651278028,115.31471837356095
4.8188954460350795,115.33991272062656
4.840754378851839,115.24490137828606
4.2075315885910385,114.68639435112621
4.505324482902638,114.99430255237401
5.299474024494389,115.42755167217386
4.486301035028295,114.69845693676936
4.519986629516084,114.94517550896988
4.411470972211556,114.47107505838164
4.113377070892329,114.64762581708277
32.06292735429744,130.8035778875607
33.81968382366705,134.14684569411594
36.27756817806683,138.1645730141104
33.726933462966926,132.90932813415034
34.996414126288705,132.51730522634904
32.075079051624066,131.43224497182945
44.316946373357666,141.69773158555898
43.831266601119225,144.73842387504067
33.971373199215506,132.88313555757546
37.72202128630852,140.02473000900994
16.750631224990038,49.88587140686779
16.549378829862604,46.80365679179152
15.639574987320115,47.237839674585324
17.477729818297014,49.68788972195835
16.84148786093737,49.99431500961096
13.680160136739476,45.17666892293566
14.485294710672502,49.24417154241769
12.906006455683727,45.03309586855383
14.188619453029263,44.24455772664669
17.356512064704333,45.20493793602617
19.347691143387244,41.83468833068957
24.081979286467597,42.87556462865538
22.455036180589467,45.877172962012764
26.730738931347595,46.91057030470776
19.97624543224647,46.18272873993761
27.843226618992446,48.53790821602455
28.72770081376828,37.573291377540194
22.168267927814387,52.10441439052805
21.83846448781469,40.383358569684546
23.561046750434055,50.3228146486609
65.00246343457655,12.81627967686079
80.01683621127655,16.264767470947866
62.555122131048506,10.991749436347792
60.38709482925625,6.802818910427988
61.04495496722841,10.774425760661227
59.59038540444729,7.700770512723269
78.43206397677618,18.666408515684708
63.546521679860604,10.81170859523726
70.57857872480344,25.594884072618996
64.79331034237656,12.382485512939606
34.592641669403676,32.91323554868279
35.038632835385755,32.377122379031576
34.981779725788556,33.182802662326374
35.15128865064161,33.23788699047611
35.12577803270462,33.37497474394435
35.08540344017999,32.43028557235155
34.96843884305101,33.8026559068293
34.62293554042748,32.83327625622146
35.13219268817231,33.23159860573686
34.96225078823648,33.516596935812835
-34.73370114161503,-68.25685321342013
-34.82121962090766,-58.03295954932817
-32.30433259838915,-63.04625750046774
-30.989725523719287,-62.996321992383315
-28.5577604032028,-63.694151438891645
-35.59112216143489,-65.70136284301708
-32.272064408857446,-59.82181627901111
-29.256624325942017,-58.51583416259431
-29.544720570053105,-64.32214696938404
-37.595360433447716,-64.72190292994114
-51.83968891804439,-73.61768844219637
-46.791122242328896,-72.86840118059638
-52.21179544657447,-72.48286305192661
-24.45041055889986,-68.51126884828687
-24.543768474626624,-69.02263799351111
-30.30336129305385,-70.33443435315489
-23.495236704172,-69.199029305531
-52.603222079357124,-73.2707073633309
-54.83798810870146,-69.29391851106539
-33.56670694318612,-70.81972289422177
-51.613714039259605,-58.67275870879697
-51.623185543323004,-59.243756614026864
-51.884451667458315,-59.11499105936285
-51.660094304703975,-59.33339883880395
-51.69057371190673,-58.8328729803252
-51.703546667410095,-60.391833144758245
-51.26735934828808,-58.50046943851052
-51.35201024988041,-58.68563756591543
-51.559693509450355,-60.094151838038684
-51.95421866238164,-59.29753529299789
-31.452183462381132,-56.03727821940528
-31.247422460488558,-56.337140937212105
-31.556941384684595,-55.632483782441994
-32.81106094465708,-57.0948735523933
-32.46572886013061,-54.266232032038744
-30.672342231358535,-57.2604311468004
-32.83879081971789,-56.707864256369426
-32.18701979101515,-53.826069308335775
-34.153535253539836,-57.01884920601771
-32.92024998087213,-55.22426327138445
-3.1019742778154153,-51.15466508104471
-15.028963458478383,-39.15813778918741
-28.4295710849724,-53.72945109717716
-14.651414698739238,-42.85205120709066
-5.927830001339309,-72.76882719077086
-3.3698329801449667,-69.00556834203603
-8.115840119486936,-49.530927576840824
-7.886219268770798,-57.306520272271165
-8.743872072950314,-72.63015501810914
-7.203985481882391,-58.95719570220712
-14.298308934024364,-62.784868721925626
-12.59483777485876,-64.4354280629687
-15.120677046240914,-69.17884908407426
-19.185414909106825,-58.92561257776728
-16.622464816886584,-65.5364981277954
-18.53575283637394,-61.34720543502346
-19.584450085950365,-65.30514827103467
-13.3414787288735,-62.8555346444777
-21.574571357887578,-67.46579961645871
-11.980498649585122,-67.07412519415197
-16.898266918438733,-70.70084937684437
-16.00417630224479,-69.36216908442941
-13.102286992317165,-69.63173716457725
-12.662326775644258,-73.581281967456
-4.394710622471678,-77.7730154330819
-6.869498575072443,-76.09233160916496
-2.8250676873924263,-71.64800405636542
-8.400445455874888,-74.1712837946663
-15.584682531111827,-69.95766115571642
-5.817682559839453,-76.43974253648368
-1.6450932534901743,-71.2012239110045
3.828325811234979,-72.48986134530462
4.559206889326468,-71.68048996222082
2.3237124077561084,-77.38392294761425
6.9430159503021756,-70.616474852952
5.1336583350237355,-68.26292918383086
2.990291779751704,-73.8589051413479
5.312274712423768,-69.03834329974705
5.543652677321694,-75.01739720918958
0.18728516217797786,-74.64797477010518
9.020743108194106,-63.63786442506762
6.43861750584161,-67.43158590804474
6.954645493381121,-67.94383497598527
10.02449976974344,-65.5333545249682
1.6017273986752603,-66.23882813218773
9.177092590756038,-72.02732214464721
4.323705435313807,-63.28426885209363
1.7192303691044397,-66.63490833880687
2.491078578488165,-66.15946587533821
7.064660055847828,-61.74635609268104
1.9542218267050853,-57.32992789019496
2.8034251757572273,-58.09827589872798
7.509198441150883,-60.23954328130163
2.6953424659366423,-59.574734478729674
3.703283492653935,-58.60233430924676
4.963899591541078,-58.86335354274152
6.252714811391287,-60.185975188613405
4.955660573649699,-58.414755018723596
2.234369318649517,-59.11457441245416
7.157327884289715,-59.80665556650336
4.38216247021583,-57.81503894692623
4.844183976997316,-56.56974537405573
3.043829969232077,-55.33662462681505
3.9723254552669975,-54.31425290268828
2.771779598706588,-55.48989209317537
3.131551426424199,-55.81503815309977
5.096152726909967,-55.616319179596076
4.615178502149755,-57.26718273117472
5.738549603987293,-55.328805257664335
5.129472162995123,-55.31396897909757
-0.35669511154201583,-77.48789256270668
-4.013214246850946,-80.32727452887231
-1.0909188191080434,-78.84446597880643
-0.6183857997835256,-77.23221949388353
1.0657205341489586,-79.18620847592392
-1.364080224069005,-80.73190540400917
-1.1589687349573472,-76.4840236582574
-0.8155991744924416,-77.8906032015138
-2.2837781822829037,-76.58008369241621
-0.39868369988458063,-80.33075756674943
-20.310744465230112,-60.54602342030715
-20.426503604998032,-62.17099926767592
-24.62501488882787,-58.593582295728176
-24.7763255174842,-57.02965825932418
-21.7543776810551,-59.8581862016032
-23.932765833161554,-59.64436462011434
-22.679452949484194,-61.42157095400151
-19.793503599267275,-59.255226489515266
-24.410037181557257,-55.587869324693855
-21.103741412345364,-58.19155515945087
67.1793789639927,174.13643374780742
58.39442237964896,46.78693355764574
63.571116249476816,128.14093385890777
60.686942110238846,113.85626411349267
57.83651286409532,126.86997858366436
71.08212437975052,145.6172332056737
58.636105629819,122.06173378584629
72.04568544619816,109.95544827816457
57.648880954602355,68.30029628883082
74.74995291554758,90.17507320885619
67.87619201120968,16.590887182876997
80.15415148503155,19.812596083160813
60.545435716945065,9.796202727773641
63.525932981945985,10.509117272037084
78.33452929279657,14.041007650172476
68.48216567670555,19.367939078809194
80.0559567044478,22.278664764741247
65.66683744918546,13.912223806310733
63.860040890594846,10.411335034789147
79.77759670594587,11.786024192440209
68.07386437174537,22.728712813366773
67.91180635042569,18.208168839336274
62.443780295821036,13.123232721481722
60.443364786836995,17.79892966049224
60.385869521282736,14.839582162788243
66.03173660826653,23.288867124172988
56.28529641747768,15.06483917785279
61.4941981767407,15.725662792628473
57.811410325487614,14.838298470754781
62.10592661984685,12.532445217792567
51.824586503712474,28.6515215959975
52.007251806402635,26.260167420000332
53.13200342458523,30.593169213614892
53.60957180330421,24.98287250083568
53.340720583332235,25.20545135432608
55.59691171898028,30.54066888976008
55.63646587486956,27.89527711045465
54.8477828892218,26.929104487740737
51.80924972707589,29.506715894055088
53.11955458336499,23.798923362274103
50.03877008526191,34.58976464940743
49.23107281945079,26.07451476756233
48.38682096432966,25.757887501380633
45.49935762322841,29.34014002693964
47.759797976008514,31.024491127366773
47.869589794906425,38.50421490139226
48.492970920230874,32.27433081751169
51.050473771617796,27.024627720716552
48.41986223405088,39.321448087909246
48.37306006579519,36.28055077015574
54.005369653576565,21.858960559937074
50.86325984409911,15.831979162985945
54.17045430898328,19.68265178811668
52.658243209608585,18.859160953530107
49.48725564419133,20.771785809607163
53.16192260792365,22.569301540645608
53.99240093396066,22.068636198085233
53.22409538742412,19.38119464242742
51.39534557956605,15.655299749786494
52.252881096166746,18.68460550534575
48.46752804645728,14.90456360052444
47.61341232996257,12.24455717156982
47.715330727684915,16.40030470726437
48.287416797779585,16.388929226032488
47.062112788207685,13.027487721702546
48.543152568555655,15.90415774123068
47.49308639906996,11.10075188139297
47.825681556645456,15.440389765668703
47.928270547302745,14.732474640772713
47.139502677115644,13.976601498156576
46.90488178122786,20.50559024995052
47.20374600086407,16.56051504445969
47.99341966691502,21.59412795232479
47.224564589295746,18.860993761644863
47.840238092385135,20.021134179498038
47.45539063415843,16.651682959268584
47.448640894145356,19.814728891934024
46.693318879463014,18.566332520617184
48.10070085926188,20.04104360953458
47.322612552429504,21.350504814803877
47.5047793973557,27.96890105696483
47.22127182446266,29.372995761822267
46.053412923505675,28.7120277477076
46.807386229394915,28.138065601678324
47.270670967578475,28.736589385792993
47.15141302152675,28.944632074494884
47.39173277875878,28.002828117039677
47.92877151515056,28.01490574399487
48.22929584745353,27.362808807409454
45.680679076490634,28.32616357615249
45.09176827425609,26.23935455936047
47.02173380035095,26.876297488360564
47.37064285981697,27.215018526740785
46.62275558848641,25.567680266110305
44.49644232012378,25.67627465219901
47.40451732793348,24.169229989504736
46.14626762726257,22.41694292430973
44.73714972617184,28.16287359782242
46.75719199963961,24.807591703243943
46.19649532964001,22.08404897354084
54.662524083404854,24.55894860575834
55.395675143863926,22.226192835013066
56.207879407087354,22.60278395933507
54.77097894693118,23.459364268142032
54.34818276333463,24.9706695242956
55.18088677840901,23.235750170530373
56.03896322229937,25.524499181848398
54.9619988838943,24.024696293885157
53.907377550505224,24.257923852062042
56.310703108938036,24.63269030296483
56.50688830726493,25.691525119711027
57.74798633256937,25.299612187134045
57.94785951749815,25.103361871063036
56.62568768364623,22.559600975365832
57.012068572833776,22.203979985668543
57.33080595375791,21.68551076646728
55.942162510262044,27.212434136479665
56.450795734691106,26.742725288530096
56.96220417560189,22.758483000660853
56.67735879422649,22.111513728772948
58.94510245426714,24.995250802027343
58.82992459165876,25.16587375475683
59.2091763309804,26.618930116671255
59.156340552484856,26.54780700311008
58.25231702314231,26.771603558400592
57.88721596923269,27.21889305842903
57.64076591297646,26.22472867089614
58.8667861140794,24.701742093828436
57.90750922696103,27.31652401442469
58.74066228571302,24.4933320003449
50.629864314945785,8.866533844260834
54.154562045289374,9.511017001375762
53.49502339143669,7.974926766877985
52.23761120000235,11.449761446565951
48.36290444520769,9.763513097118851
48.78092375826355,10.090314500061204
50.6221862386636,6.180852439045591
54.4759860051698,9.69510674909103
49.69017063245173,8.109456300531118
51.17965359262332,12.876299625210098
42.58903452788184,25.775019867658084
41.84029017808205,23.09177820774777
42.39028921044868,27.286248093880168
41.7410135618586,25.88307463509336
41.52768460958525,25.855245774085727
42.6962810139614,23.960623522326475
43.47244095835503,23.47603127213236
42.911200206905676,24.313555085745687
42.60800581995845,27.470987580220662
43.866834927997914,22.878632623210287
40.88976086395025,25.281987443988708
39.27950280157299,22.477385102330047
36.60471574711289,22.77681627938245
38.47509757715897,22.77652883642269
37.92479492652358,21.783948209284553
38.27618230546382,21.62551782555007
38.315960166957424,21.91403616857225
38.880145644072414,21.70306402162672
35.26221235200364,25.67965031737733
40.852874803247694,24.11911722308984
42.28497523377118,20.34901133770933
40.0139966671559,20.31217851131667
40.54183999692633,20.75254199728538
40.79044943198325,20.56409039948675
42.188555595546525,19.600020669957853
41.891106400346594,19.704605152472936
40.960242007662565,20.738843999282803
40.730721219532654,20.205848399786408
42.06601420033749,20.507565756844063
40.518010194103546,20.707400971906797
45.38885954353606,18.86694358609208
45.64036776175348,16.14815081465786
45.2733863583777,14.506957506253642
45.45255012843101,16.464512105510572
45.37681683636024,14.0605559162127
45.19566750746853,15.854097736320146
46.219003542526664,16.29048661175534
43.99512868844626,15.488514663232657
46.140980195871926,16.987658801731563
43.458023800951025,17.004904857786933
47.452610823880775,9.186366707231599
46.36046162855982,8.6447814451906
46.622273909717954,6.663080606179637
46.51284895702418,6.998887480927054
46.777883706671844,9.385909799763493
45.95458749724034,7.93710613582549
46.43714235016043,8.99525656364769
47.128330515213975,8.944692919150363
45.97523155722109,7.185501350055216
46.15123935820982,8.053591701282311
49.70963697559435,5.984657184515369
49.712125929393785,6.058505491054142
49.79868464037181,5.995679874215296
50.01949684120021,6.087196194895078
49.95191624165134,6.047790710613203
49.79343525953053,6.119450438177781
49.79071392330617,6.015170310831408
49.686453704263485,6.0742623780650575
49.880660129792986,5.990229859844824
49.97265267185655,5.997249730892783
49.9849403744238,5.4596273157334565
51.12518707836269,5.161689455467158
50.74558925557395,4.147382784938237
50.535198684125184,4.2202336202293145
51.24371195479788,3.7220539774459294
50.43141671678256,4.175949085373174
49.64335957265473,5.459415795417343
49.92445398970886,4.9646103935753265
51.01106618324386,4.097112121966315
51.41783660884279,4.753917987852441
52.18065389784783,5.7141409141827655
51.88336870343606,5.987803693655433
52.351947867260506,6.862629099118824
53.023670656124196,4.9810235774674485
51.37486339877667,3.504388309483835
52.41180508824329,5.5190902250442395
53.40232515709691,6.404010710127851
52.87113679962646,6.671342343867554
52.05873342061573,5.310991765324772
52.29907773472871,6.129819177793458
37.9559524642759,-7.423229524623794
40.59978239462653,-7.14361227395983
40.33610664805981,-7.027874645464202
38.987998169069634,-7.264628225607847
38.25480668491795,-8.72536731335435
41.92460592672938,-8.799494378012033
39.30062601126377,-8.87486086918519
38.89013933773447,-8.271876780750986
38.28554213549073,-8.504826236718916
39.32541727352561,-8.663528879260067
39.126172410556535,-0.5742654495738542
42.827450391551785,-6.0660847897696835
42.003204415818274,-6.14158206800222
43.28206613723153,-7.627081816904423
38.88496936988953,-2.1458375699108405
37.59421559326499,-6.9368508165176195
42.019646386772365,-3.7336333279961087
37.00924999196696,-6.317221049042509
40.56477965456032,-0.9063422668883128
36.96591062264412,-2.7483434469964614
52.909026516908696,-8.767444510719441
54.696487073760345,-8.144688948703816
51.80462288921602,-9.487994583115816
53.17612659082392,-7.566775641885186
53.660687590854806,-6.271280817625246
53.99580781545302,-8.046186357656506
53.81079170980262,-9.40106539328674
52.53880501958405,-9.369337429065812
53.76000996846067,-6.468056453302437
52.88350691871529,-7.727460009780297
39.20002955801678,8.44185591941898
39.51881165828695,16.574707638043517
45.68971956139755,7.133860855972031
44.007672790617264,7.608851936999736
44.66557955990446,8.560410013448312
45.505074581282415,8.393914678198689
46.51585805658455,12.559919398499176
45.874109023962255,9.864331807685941
44.70056798427596,11.79637311020145
46.07473053265624,10.33763904641813
57.330144497345785,10.230011811296663
57.41307573036977,10.504873035506026
56.79722652884932,9.28148767349662
56.02077413952482,9.830718284736042
54.95111472371862,9.217660641188601
55.405215625823786,12.468611251731211
56.3019850773284,10.599897286227808
55.335012133479026,8.42938329693225
55.54877390064288,9.621789898763618
55.722693556971,11.410460183176745
53.48565247985063,-1.1606939740676951
50.796149002202796,-0.6473129766107117
58.015244215768405,-5.15922014048207
51.03621311717966,-0.7882546300209547
51.97001238824154,-3.9932418855533958
50.512228528749404,-5.133412905036199
55.97314682701156,-4.120637061624818
54.8264226420656,-7.139921194056449
57.329190618103354,-2.3173814764663403
54.03082375845318,-1.8271742748047632
65.0874066580184,-15.742732224257214
65.6249084833838,-16.7882666064248
64.19743076352344,-18.628551218448813
65.810818055805,-20.312315556026586
65.52013652983588,-22.866306006609772
65.60143455462334,-14.637221488233374
64.18336504835725,-18.33805892509966
65.27813581012879,-18.298665294608526
64.73694041021588,-15.04960065662285
63.714283518348054,-20.13388240538385
46.779583435775095,16.182077722826477
45.95256220095038,14.862371138842217
46.73592999950717,16.35662311854312
46.01801399632805,14.637307073659464
46.519654698879954,15.323474106632196
45.862411239910834,15.558734401662834
45.753848528753345,13.873835296904016
46.00964224860419,15.228143665329128
45.503078279548646,14.419686929716933
46.090672276068865,15.671673103780234
62.90208058668354,29.308775675134363
61.353109528430345,24.56499965948222
61.40980674130254,29.01166077782252
68.72281972628666,23.12171233260762
62.38038015873848,28.083380996166582
62.83718476122717,23.980924674584426
62.80584747911329,22.17565168676277
63.07474080694896,26.629860266589304
63.84991713835688,26.65078275214737
62.46114658919767,26.50410202542494
48.80954632105559,18.529239437225865
49.04310566198642,18.905189033836358
49.40591759185169,18.745679995622467
48.93546105637458,20.560850163219435
48.93826110300246,21.718056270545755
49.155583180821424,19.57985232227972
48.24182445093816,18.585840454229633
48.52386543656391,21.57396822344331
49.22211894811237,21.842358943964246
47.956891440002316,17.40975369027466
48.71045453179296,16.97429572153324
49.61324451307789,14.239197949433347
49.99562284833966,12.9011449459031
50.55384206131268,13.215768065794347
50.10146489146128,14.947989815349386
49.44831908710606,16.529987143187867
50.225751427800716,14.736219202343992
50.185400192649304,14.937113300077822
48.96469333406675,14.045918779433961
49.53898781792659,16.00339236502309
44.18393868170444,16.795999088803576
44.37810879115503,18.46365023440722
44.02349579725987,18.814969730261414
44.133432051191775,17.932122009984138
44.82194493943676,16.48353402729513
44.31439066652311,18.47210446078913
43.79318475961336,18.545479592570313
44.547274315404806,18.01554838440449
42.72574177955349,18.455399235506405
43.80108024429785,18.327296823445366
42.201429845813536,22.23622857215164
41.420178373339105,22.724473083887798
41.48437366504837,21.241267116481684
41.32741709554216,20.99529993093652
41.38920760285909,22.21629308875801
41.50379795176415,21.720259228213383
41.49081100599108,21.14351562713136
41.43850176593024,21.95564446649974
40.97958595853596,20.865965847139503
42.0496093703427,22.727657460109594
44.689472127659656,19.352964195255954
43.612319060112355,22.187067521292896
44.218547408124444,20.43624764265615
43.33899157372676,21.800768377968655
43.961812587713965,22.4185617548478
43.45456877188583,21.860626766247346
42.510899619849816,22.427053925412164
44.719028151451184,19.614035246461505
43.137942121916666,20.983340298443494
43.78112966672441,20.312426992949334
43.03244382162354,18.825516917431138
42.71054230598719,19.33374719821317
43.00428809740627,20.058632656846385
43.33503845937761,19.34544394295188
42.56665293702971,18.571032297568596
42.50111032361811,18.723283769081366
42.54477731998377,19.8209097811146
43.13165602062544,19.714261337856648
42.718177071205446,18.85887510604456
42.68980418705527,19.60184832812193
-49.2879282033607,69.30715655873448
-49.445625588278084,68.98258071363244
-49.70458780913827,69.26879322422867
-48.90739071658388,69.23316192239989
-48.822482716169525,69.16029350998757
-49.70415656155873,69.02953178048925
-49.57415868809697,69.23819143639655
-48.95833493124305,69.13397488666654
-49.73159749913644,69.08265238754497
-48.702565715513984,69.01914641104342
-86.64400611425856,20.27171836490797
-78.28726230682673,21.800118084475827
-89.08815413936729,-27.98616949222759
-87.35771362286896,158.26031367569738
-74.25848583922027,-66.66658984092511
-68.64367782045849,110.08978222369063
-73.5073461243114,-71.74354752166575
-79.81684984484798,20.342178268427574
-87.69991042399683,82.04288795438492
-89.21270090063676,-171.09308581234293
64.66681864219534,-145.39862674315836
43.78166721827449,-118.61161466118736
34.40291528065368,-83.2229449846431
35.35204859583496,-100.13601832429357
43.8730769192803,-110.83813222608183
59.983714658913634,-139.3739583064215
37.034864451690055,-116.48051614344111
36.97657195506347,-81.48679310911515
35.58544359573755,-94.23102583434618
55.77636455628306,-160.34251398208414
38.48953154415787,-92.9825066347264
63.411608184049825,-150.06236267392327
65.4800384298884,-167.13822716498882
60.70395430026291,-155.56956789167884
46.11753806632821,-103.13270248908145
37.69089347055119,-87.56262872998724
30.82504510121916,-101.8869067620955
40.63812359133688,-102.37017212391065
27.525467331223012,-97.85533123155282
32.494090066625674,-86.52739823034429
32.9924186767963,-100.71374604563644
43.36030406682296,-72.95308653687847
62.088492937095914,-141.3743912371143
48.28576917587526,-102.10642292811875
70.86930794676962,-156.09477303110177
55.46249469298163,-161.32164549181437
46.42967149091828,-120.06904396341548
61.53930881600425,-159.68422136699127
29.19216912606924,-97.56941606757401
40.261374472015696,-81.12879057724253
37.80317347555881,-89.36169407277329
39.17822265559069,-96.83167583238867
36.92156193069437,-114.14149812009228
66.48027974670995,-145.73488473721497
48.78139558444752,-112.42525138575571
38.27235155002431,-115.30473795070438
37.04887140072382,-107.78223875292828
48.095493516356115,-119.6288349436242
68.03199379185261,-141.43312564985703
36.66590832793505,-83.97412191432979
35.94342466916185,-104.98710799260715
62.68516784455133,-141.72601284048454
67.9151402291156,-150.09069619915152
61.03765564534451,-152.89404840541744
47.18167608031847,-119.43362409477669
63.63076720393089,-148.8174721374901
48.4936188058653,-112.85362399197356
38.283395202619026,-84.14272995347118
33.95303411719164,-115.49380371011804
65.6733704733096,-148.82357692610236
38.93356624563816,-84.6135504595785
46.28898211671893,-90.25924848406294
48.002848688765646,-98.51785525256689
41.17223266058923,-87.89237046192557
66.29591869190548,-150.5783972226665
42.85410475214886,-74.24890849408415
68.68956014643558,-143.05139045584022
39.898002647870584,-104.61719286976505
40.3205480244911,-107.72214851914975
61.173101827751175,-158.88491215761906
33.17764669674054,-113.80581807728109
33.03229933505328,-108.9641019326015
39.51577762707315,-81.18010764347339
40.72322889151113,-115.3557944858768
69.62519996550688,-143.1700717188299
62.13529677629111,-142.0492582309205
64.57630719989182,-154.3626094323288
67.81232028574406,-149.33421656646826
45.124160522383164,-104.81776259110764
35.387824056557974,-93.80173702140203
67.51255197525393,-141.55592842023836
65.68059866269212,-161.6710155619896
38.62273095997174,-112.3305169806813
31.773741374882363,-109.86302293933636
44.16078815833338,-113.1041464876485
38.60925712243386,-92.60923376840371
36.65340472765379,-84.99652333662482
42.62499821027625,-98.462816021792
35.88080618249117,-104.18388800221648
47.68586067535435,-90.42783803806097
48.26613723856269,-100.55732513935031
40.24073304424303,-77.47537430688199
48.07684936811029,-111.56224344412146
61.2289832552203,-149.19130299151368
61.70301276621467,-143.55968131286292
63.297564819982284,-151.23373470570192
46.73619569342835,-88.86861524864548
41.58068027108366,-88.56754663526311
44.89666202494601,-94.68373582442327
45.70859790259361,-84.33487097893818
31.570402646605686,-101.87592564777529
61.23079615438698,-151.31800274330706
43.37070848642284,-89.49597781445189
39.813544076119186,-101.51691030666214
47.198005110567806,-111.40806425745913
69.87577007937367,-142.21562479655142
42.65056138614318,-91.65279532343523
36.395800960350506,-87.48939227035522
40.49859320238658,-78.77681070829551
29.906515553174735,-95.84319447772918
